Timestep,Spacing
SWPre,2.327739715576172
SWPreN1,1.8771171569824219
